SHS_Strand,Realistic_Score,Investigative_Score,Artistic_Score,Social_Score,Enterprising_Score,Conventional_Score,Dominant_RIASEC_Code,RSE_Score_Likert,CDSES_Total_Score,Course Cluster
HUMSS,2,3,6,3,2,3,AIS,17,85,"Communication, Media & Creative Arts"
STEM,6,4,3,6,4,6,RSC,13,73,"Engineering, Computing & Technology"
HUMSS,5,4,5,4,2,4,RAI,19,63,"Engineering, Computing & Technology"
HUMSS,3,3,3,5,3,6,CSR,10,101,"Law, Government, Security & Public Service"
HUMSS,7,7,7,7,6,7,RIA,16,71,Health & Allied Sciences
STEM,6,6,7,7,7,6,ASE,16,74,"Communication, Media & Creative Arts"
STEM,6,6,7,5,5,7,ACR,5,69,"Science, Mathematics & Research"
HUMSS,5,3,6,5,3,4,ARS,11,80,"Communication, Media & Creative Arts"
ABM,5,5,2,6,4,6,SCR,18,103,Health & Allied Sciences
HUMSS,4,5,4,5,5,4,ISE,7,65,"Education, Psychology & Human Services"
TVL,6,6,7,6,7,7,AEC,15,76,"Business, Finance & Management"
HUMSS,3,3,7,5,1,7,ACS,13,74,"Communication, Media & Creative Arts"
STEM,6,1,7,4,4,7,ACR,20,79,"Engineering, Computing & Technology"
HUMSS,4,1,1,3,1,2,RSC,12,77,"Engineering, Computing & Technology"
ABM,4,4,3,6,5,3,SER,5,71,"Education, Psychology & Human Services"
ABM,4,2,6,7,3,3,SAR,14,74,"Communication, Media & Creative Arts"
HUMSS,4,1,4,4,4,5,CRA,11,83,"Business, Finance & Management"
HUMSS,4,1,1,7,3,6,SCR,9,65,"Law, Government, Security & Public Service"
STEM,5,4,5,5,5,2,RAS,17,100,"Communication, Media & Creative Arts"
ABM,6,6,4,6,5,5,RIS,17,103,"Agriculture, Environment & Natural Resources"
STEM,4,3,4,7,4,6,SCR,18,81,"Law, Government, Security & Public Service"
STEM,3,6,3,4,4,5,ICS,25,86,"Science, Mathematics & Research"
HUMSS,6,2,4,6,3,7,CRS,15,67,"Engineering, Computing & Technology"
STEM,5,5,5,5,4,6,CRI,22,70,"Science, Mathematics & Research"
ABM,4,4,2,6,2,5,SCR,16,77,Health & Allied Sciences
ABM,4,7,5,4,3,5,IAC,20,96,"Science, Mathematics & Research"
ABM,6,5,6,5,4,4,RAI,17,81,"Agriculture, Environment & Natural Resources"
ABM,7,2,5,6,4,4,RSA,11,69,"Engineering, Computing & Technology"
ABM,7,6,6,7,7,7,RSE,15,94,"Business, Finance & Management"
STEM,5,3,4,7,5,7,SCR,18,100,"Law, Government, Security & Public Service"
ABM,6,1,5,5,3,5,RAS,15,74,"Engineering, Computing & Technology"
ABM,5,4,5,7,6,7,SCE,18,83,"Law, Government, Security & Public Service"
HUMSS,6,7,7,7,7,7,IAS,15,74,"Education, Psychology & Human Services"
HUMSS,2,4,3,7,1,3,SIA,11,86,Health & Allied Sciences
STEM,4,7,3,7,5,3,ISE,9,97,"Education, Psychology & Human Services"
STEM,6,6,7,7,5,5,ASR,20,92,"Communication, Media & Creative Arts"
HUMSS,7,3,5,6,6,5,RSE,18,78,"Business, Finance & Management"
ABM,5,5,1,6,3,6,SCR,9,55,Health & Allied Sciences
STEM,6,7,7,7,6,6,IAS,18,85,Health & Allied Sciences
HUMSS,6,2,2,4,4,4,RSE,19,53,"Engineering, Computing & Technology"
ABM,4,4,3,4,6,6,ECR,15,91,"Business, Finance & Management"
STEM,6,2,6,5,6,3,RAE,10,74,"Communication, Media & Creative Arts"
STEM,7,6,6,5,6,5,RIA,13,83,"Engineering, Computing & Technology"
HUMSS,4,5,4,5,5,5,ISE,17,71,"Education, Psychology & Human Services"
TVL,5,5,2,4,3,5,RIC,19,84,"Engineering, Computing & Technology"
STEM,7,7,7,6,7,6,RIA,27,100,"Science, Mathematics & Research"
STEM,6,5,2,6,5,6,RSC,16,78,"Engineering, Computing & Technology"
STEM,6,3,7,4,6,7,ACR,17,76,"Communication, Media & Creative Arts"
STEM,7,5,6,7,7,6,RSE,15,86,"Business, Finance & Management"
HUMSS,4,3,3,5,4,5,SCR,18,75,"Law, Government, Security & Public Service"
ABM,6,7,6,7,7,4,ISE,10,56,"Education, Psychology & Human Services"
STEM,6,7,6,7,3,6,ISR,14,72,Health & Allied Sciences
STEM,5,3,4,4,7,7,ECR,14,70,"Business, Finance & Management"
STEM,4,6,6,5,2,5,IAS,26,82,Health & Allied Sciences
STEM,3,3,3,6,4,7,CSE,11,95,"Law, Government, Security & Public Service"
STEM,7,5,6,7,7,6,RSE,18,107,"Business, Finance & Management"
STEM,5,6,1,5,4,4,IRS,18,74,Health & Allied Sciences
STEM,5,4,3,7,6,3,SER,18,85,"Education, Psychology & Human Services"
TVL,6,5,6,7,2,6,SRA,16,100,Health & Allied Sciences
HUMSS,5,5,3,7,3,5,SRI,24,95,Health & Allied Sciences
STEM,7,7,5,6,3,5,RIS,17,77,"Agriculture, Environment & Natural Resources"
TVL,6,4,6,4,6,2,RAE,16,93,"Communication, Media & Creative Arts"
STEM,4,3,3,5,2,5,SCR,19,97,"Engineering, Computing & Technology"
STEM,3,5,6,6,3,7,CAS,18,105,"Communication, Media & Creative Arts"
HUMSS,6,3,6,5,7,4,ERA,15,85,"Communication, Media & Creative Arts"
STEM,2,5,2,3,2,3,ISC,13,83,Health & Allied Sciences
STEM,6,5,5,4,4,5,RIA,17,83,"Engineering, Computing & Technology"
HUMSS,6,3,5,7,4,7,SCR,20,93,"Law, Government, Security & Public Service"
ABM,5,5,2,7,4,6,SCR,15,77,"Education, Psychology & Human Services"
STEM,5,7,4,5,3,5,IRS,13,77,Health & Allied Sciences
HUMSS,5,5,7,6,4,5,ASR,16,75,"Communication, Media & Creative Arts"
HUMSS,3,1,4,3,4,2,AER,9,95,"Communication, Media & Creative Arts"
STEM,3,2,5,2,1,5,ACR,17,71,"Engineering, Computing & Technology"
ABM,5,4,4,6,5,6,SCR,14,83,"Law, Government, Security & Public Service"
STEM,2,7,1,6,3,3,ISE,19,86,Health & Allied Sciences
STEM,5,3,3,4,5,4,RES,13,83,"Business, Finance & Management"
HUMSS,7,4,5,7,6,6,RSE,13,54,"Law, Government, Security & Public Service"
HUMSS,7,7,7,7,7,7,RIA,15,73,Health & Allied Sciences
HUMSS,6,4,5,5,4,7,CRA,15,55,"Engineering, Computing & Technology"
HUMSS,5,1,2,4,5,6,CRE,14,73,"Business, Finance & Management"
STEM,2,1,2,2,4,4,ECR,16,65,"Business, Finance & Management"
HUMSS,7,7,7,6,7,7,RIA,15,96,"Science, Mathematics & Research"
STEM,7,7,6,7,6,7,RIS,22,49,"Agriculture, Environment & Natural Resources"
HUMSS,6,6,7,5,7,7,AEC,15,52,"Business, Finance & Management"
STEM,4,4,7,5,5,7,ACS,15,74,"Communication, Media & Creative Arts"
HUMSS,5,5,7,6,5,7,ACS,15,102,"Communication, Media & Creative Arts"
STEM,2,3,1,1,0,1,IRA,13,73,"Science, Mathematics & Research"
STEM,6,7,7,7,7,7,IAS,18,75,"Education, Psychology & Human Services"
HUMSS,5,5,5,7,5,5,SRI,20,98,"Education, Psychology & Human Services"
STEM,7,6,4,7,7,3,RSE,15,75,"Education, Psychology & Human Services"
HUMSS,7,7,7,7,7,7,RIA,16,46,Health & Allied Sciences
STEM,4,3,3,6,2,3,SRI,11,59,"Education, Psychology & Human Services"
HUMSS,2,5,5,4,4,5,IAC,17,75,"Science, Mathematics & Research"
STEM,6,4,4,7,6,5,SRE,11,71,"Law, Government, Security & Public Service"
STEM,6,3,5,6,2,3,RSA,13,75,"Agriculture, Environment & Natural Resources"
HUMSS,1,0,2,4,4,4,SEC,15,48,"Law, Government, Security & Public Service"
STEM,7,6,5,7,6,7,RSC,13,31,"Engineering, Computing & Technology"
STEM,6,7,7,7,7,6,IAS,15,75,"Education, Psychology & Human Services"
HUMSS,7,6,4,7,7,6,RSE,15,75,"Education, Psychology & Human Services"
STEM,6,6,7,7,5,6,ASR,18,80,"Communication, Media & Creative Arts"
HUMSS,5,3,5,6,5,5,SRA,12,85,"Law, Government, Security & Public Service"
STEM,5,5,7,5,2,7,ACR,5,88,"Science, Mathematics & Research"
STEM,6,5,7,7,6,4,ASR,17,93,"Communication, Media & Creative Arts"
STEM,6,5,7,7,5,5,ASR,17,77,"Communication, Media & Creative Arts"
STEM,6,4,5,6,4,6,RSC,14,75,"Engineering, Computing & Technology"
STEM,7,7,7,7,7,7,RIA,15,125,Health & Allied Sciences
STEM,5,4,7,7,3,4,ASR,12,98,"Communication, Media & Creative Arts"
TVL,7,6,7,7,6,7,RAS,18,74,"Engineering, Computing & Technology"
TVL,5,6,2,5,5,6,ICR,15,75,"Science, Mathematics & Research"
STEM,5,6,7,4,7,5,AEI,15,54,"Communication, Media & Creative Arts"
TVL,5,4,7,7,7,7,ASE,14,75,"Communication, Media & Creative Arts"
TVL,7,7,7,5,4,5,RIA,5,121,"Science, Mathematics & Research"
TVL,5,4,6,7,6,6,SAE,14,76,"Law, Government, Security & Public Service"
TVL,6,4,5,3,1,5,RAC,14,71,"Engineering, Computing & Technology"
HUMSS,7,6,5,6,7,5,REI,11,89,"Agriculture, Environment & Natural Resources"
HUMSS,5,4,5,6,2,3,SRA,14,56,"Education, Psychology & Human Services"
STEM,5,5,5,7,6,5,SER,10,87,"Education, Psychology & Human Services"
HUMSS,6,3,1,6,5,6,RSC,14,84,"Law, Government, Security & Public Service"
ABM,5,4,5,6,5,2,SRA,18,60,"Education, Psychology & Human Services"
HUMSS,4,3,3,7,6,6,SEC,17,81,"Law, Government, Security & Public Service"
STEM,6,4,2,4,2,3,RIS,16,69,"Agriculture, Environment & Natural Resources"
HUMSS,7,5,6,5,7,7,REC,18,96,"Engineering, Computing & Technology"
STEM,7,5,7,4,2,5,RAI,9,79,"Engineering, Computing & Technology"
ABM,5,3,4,7,7,7,SEC,25,113,"Law, Government, Security & Public Service"
STEM,6,6,6,6,5,7,CRI,16,93,"Science, Mathematics & Research"
HUMSS,5,5,5,6,3,4,SRI,12,84,Health & Allied Sciences
HUMSS,4,3,3,4,5,5,ECR,13,100,"Business, Finance & Management"
STEM,6,4,4,5,6,5,RES,16,77,"Business, Finance & Management"
STEM,4,2,7,1,2,5,ACR,9,81,"Communication, Media & Creative Arts"
HUMSS,7,4,6,6,7,5,REA,22,88,"Business, Finance & Management"
ABM,7,4,5,5,6,5,REA,15,44,"Engineering, Computing & Technology"
HUMSS,6,2,7,5,6,6,ARE,23,92,"Communication, Media & Creative Arts"
ABM,3,0,4,4,3,4,ASC,8,65,"Communication, Media & Creative Arts"
HUMSS,5,5,2,5,2,4,RIS,9,77,"Agriculture, Environment & Natural Resources"
ABM,7,3,5,4,5,3,RAE,14,44,"Agriculture, Environment & Natural Resources"
HUMSS,4,4,5,2,4,5,ACR,15,69,"Science, Mathematics & Research"
HUMSS,6,1,5,4,1,4,RAS,11,70,"Engineering, Computing & Technology"
HUMSS,6,3,4,7,5,6,SRC,16,67,"Law, Government, Security & Public Service"
TVL,6,5,1,3,0,7,CRI,11,82,"Engineering, Computing & Technology"
TVL,7,2,4,5,7,6,REC,13,73,"Business, Finance & Management"
HUMSS,5,2,3,7,5,7,SCR,9,50,"Law, Government, Security & Public Service"
HUMSS,3,2,7,5,5,4,ASE,15,84,"Communication, Media & Creative Arts"
HUMSS,4,1,0,6,3,1,SRE,15,92,"Education, Psychology & Human Services"
HUMSS,6,5,4,5,7,4,ERI,16,55,"Business, Finance & Management"
STEM,7,5,5,5,5,7,RCI,14,56,"Engineering, Computing & Technology"
STEM,3,5,4,5,2,5,ISC,12,69,Health & Allied Sciences
STEM,6,5,6,6,5,4,RAS,11,93,"Communication, Media & Creative Arts"
HUMSS,2,4,2,6,2,2,SIR,12,76,"Education, Psychology & Human Services"
ABM,4,1,1,5,2,5,SCR,14,74,"Law, Government, Security & Public Service"
HUMSS,7,4,4,7,5,7,RSC,13,88,"Engineering, Computing & Technology"
HUMSS,1,5,4,4,4,2,IAS,17,80,"Education, Psychology & Human Services"
ABM,6,5,6,4,5,2,RAI,28,87,"Communication, Media & Creative Arts"
HUMSS,4,2,6,4,1,3,ARS,27,101,"Communication, Media & Creative Arts"
HUMSS,4,7,4,6,5,6,ISC,24,76,Health & Allied Sciences
STEM,5,2,7,3,7,2,AER,18,82,"Communication, Media & Creative Arts"
TVL,4,5,3,5,4,6,CIS,14,75,"Science, Mathematics & Research"
STEM,6,4,6,5,3,7,CRA,12,94,"Engineering, Computing & Technology"
STEM,6,2,3,5,3,7,CRS,9,73,"Engineering, Computing & Technology"
STEM,2,2,1,3,1,1,SRI,10,75,Health & Allied Sciences
HUMSS,2,2,7,4,1,6,ACS,15,74,"Communication, Media & Creative Arts"
HUMSS,6,4,5,7,5,7,SCR,16,51,"Law, Government, Security & Public Service"
STEM,2,3,7,3,3,5,ACI,0,65,"Communication, Media & Creative Arts"
ABM,6,4,7,3,6,6,ARE,21,72,"Communication, Media & Creative Arts"
HUMSS,6,2,3,6,7,5,ERS,14,77,"Business, Finance & Management"
HUMSS,6,5,4,6,5,5,RSI,14,73,"Agriculture, Environment & Natural Resources"
STEM,5,3,3,4,2,6,CRS,9,79,"Engineering, Computing & Technology"
STEM,5,4,3,5,4,2,RSI,9,72,"Agriculture, Environment & Natural Resources"
TVL,7,4,3,6,6,6,RSE,16,56,"Engineering, Computing & Technology"
STEM,4,4,7,4,0,2,ARI,11,78,"Communication, Media & Creative Arts"
ABM,5,2,2,5,3,4,RSC,17,74,"Engineering, Computing & Technology"
STEM,6,5,3,5,4,7,CRI,13,95,"Engineering, Computing & Technology"
HUMSS,3,5,3,7,7,7,SEC,15,75,"Law, Government, Security & Public Service"
ABM,5,6,5,4,4,4,IRA,13,83,"Science, Mathematics & Research"
STEM,3,6,1,1,0,5,ICR,18,82,"Science, Mathematics & Research"
STEM,5,3,1,5,4,6,CRS,15,84,"Engineering, Computing & Technology"
STEM,6,5,5,4,3,2,RIA,18,107,"Agriculture, Environment & Natural Resources"
ABM,6,6,5,3,6,4,RIE,7,75,"Science, Mathematics & Research"
TVL,7,6,7,7,7,7,RAS,20,75,"Business, Finance & Management"
HUMSS,2,1,1,2,3,2,ERS,17,75,"Business, Finance & Management"
STEM,5,2,4,2,4,3,RAE,19,76,"Engineering, Computing & Technology"
STEM,5,5,4,4,2,5,RIC,22,90,"Engineering, Computing & Technology"
STEM,3,5,3,1,4,3,IER,12,78,"Science, Mathematics & Research"
HUMSS,2,4,7,7,6,4,ASE,18,75,"Communication, Media & Creative Arts"
STEM,4,3,5,2,2,4,ARC,14,94,"Engineering, Computing & Technology"
ABM,6,4,5,5,2,0,RAS,10,67,"Agriculture, Environment & Natural Resources"
STEM,7,7,6,4,4,4,RIA,23,101,"Science, Mathematics & Research"
STEM,5,2,4,6,4,4,SRA,14,51,"Law, Government, Security & Public Service"
STEM,7,4,4,5,4,6,RCS,16,73,"Engineering, Computing & Technology"
STEM,2,5,6,5,3,4,AIS,11,84,"Communication, Media & Creative Arts"
STEM,3,5,6,7,4,4,SAI,18,75,"Communication, Media & Creative Arts"
HUMSS,3,3,7,4,5,5,AEC,12,98,"Communication, Media & Creative Arts"
STEM,6,5,3,5,6,3,REI,24,75,"Agriculture, Environment & Natural Resources"
HUMSS,2,0,4,0,2,4,ACR,12,78,"Communication, Media & Creative Arts"
STEM,2,3,5,5,7,6,ECA,19,90,"Business, Finance & Management"
ABM,5,7,3,5,4,6,ICR,15,89,"Science, Mathematics & Research"
ABM,5,3,5,6,6,7,CSE,16,97,"Business, Finance & Management"
TVL,6,4,5,4,5,4,RAE,19,91,"Engineering, Computing & Technology"
ABM,7,4,3,6,5,3,RSE,18,75,"Agriculture, Environment & Natural Resources"
TVL,6,6,7,6,5,7,ACR,14,75,"Science, Mathematics & Research"
STEM,4,2,2,5,3,5,SCR,14,73,"Law, Government, Security & Public Service"
HUMSS,4,3,5,4,3,5,ACR,5,92,"Communication, Media & Creative Arts"
STEM,7,5,7,7,7,5,RAS,27,100,"Communication, Media & Creative Arts"
HUMSS,5,2,2,4,3,4,RSC,17,75,"Engineering, Computing & Technology"
ABM,6,4,6,6,5,5,RAS,15,56,"Communication, Media & Creative Arts"
HUMSS,6,7,7,7,7,7,IAS,17,110,"Education, Psychology & Human Services"
HUMSS,4,5,3,6,5,6,SCI,19,79,"Law, Government, Security & Public Service"
ABM,6,4,5,6,5,5,RSA,11,69,"Law, Government, Security & Public Service"
STEM,4,5,5,6,3,5,SIA,29,99,Health & Allied Sciences
STEM,5,1,5,4,1,4,RAS,12,91,"Engineering, Computing & Technology"
HUMSS,4,5,3,2,4,5,ICR,14,42,"Science, Mathematics & Research"
HUMSS,5,4,6,5,3,3,ARS,11,81,"Communication, Media & Creative Arts"
HUMSS,6,4,6,6,6,6,RAS,12,68,"Business, Finance & Management"
ABM,7,7,7,5,7,5,RIA,18,75,"Science, Mathematics & Research"
STEM,4,2,4,5,2,4,SRA,16,55,"Communication, Media & Creative Arts"
ABM,6,5,5,4,4,3,RIA,13,55,"Agriculture, Environment & Natural Resources"
HUMSS,5,4,4,7,4,6,SCR,22,76,"Law, Government, Security & Public Service"
STEM,3,7,1,1,1,4,ICR,4,76,"Science, Mathematics & Research"
HUMSS,5,3,6,4,1,5,ARC,15,70,"Engineering, Computing & Technology"
HUMSS,6,7,7,6,4,5,IAR,15,64,Health & Allied Sciences
HUMSS,5,3,3,1,1,5,RCI,17,115,"Engineering, Computing & Technology"
STEM,5,2,4,4,5,4,REA,20,102,"Business, Finance & Management"
HUMSS,7,6,7,5,7,4,RAE,16,93,"Communication, Media & Creative Arts"
TVL,7,4,3,7,5,5,RSE,13,86,"Law, Government, Security & Public Service"
TVL,4,5,3,4,3,5,ICR,20,82,"Science, Mathematics & Research"
TVL,7,3,4,5,4,4,RSA,20,94,"Engineering, Computing & Technology"
HUMSS,4,3,5,6,1,7,CSA,10,82,"Education, Psychology & Human Services"
HUMSS,6,4,6,6,6,4,RAS,18,92,"Communication, Media & Creative Arts"
TVL,5,7,6,5,3,6,IAC,6,65,"Science, Mathematics & Research"
HUMSS,6,7,5,6,4,6,IRS,17,79,Health & Allied Sciences
HUMSS,6,3,2,5,2,6,RCS,11,74,"Engineering, Computing & Technology"
HUMSS,7,7,6,7,7,7,RIS,15,50,"Agriculture, Environment & Natural Resources"
HUMSS,7,4,3,7,7,7,RSE,15,89,"Business, Finance & Management"
TVL,5,4,5,5,4,4,RAS,7,84,"Communication, Media & Creative Arts"
ABM,5,3,2,6,2,3,SRI,21,82,"Agriculture, Environment & Natural Resources"
ABM,4,3,1,5,6,7,CES,15,84,"Business, Finance & Management"
ABM,5,3,5,3,2,6,CRA,16,78,"Engineering, Computing & Technology"
ABM,5,2,5,4,2,4,RAS,18,78,"Engineering, Computing & Technology"
ABM,7,7,7,7,7,7,RIA,15,87,Health & Allied Sciences
ABM,6,4,6,5,5,5,RAS,16,105,"Communication, Media & Creative Arts"
ABM,7,7,5,6,7,5,RIE,22,96,"Agriculture, Environment & Natural Resources"
ABM,6,3,5,7,5,4,SRA,6,67,"Law, Government, Security & Public Service"
ABM,6,2,4,7,5,3,SRE,15,67,"Law, Government, Security & Public Service"
ABM,7,4,3,5,3,3,RSI,16,68,"Agriculture, Environment & Natural Resources"
ABM,7,7,6,7,7,7,RIS,12,40,"Agriculture, Environment & Natural Resources"
HUMSS,4,5,3,6,4,2,SIR,14,54,"Education, Psychology & Human Services"
ABM,4,2,2,2,2,4,RCI,11,69,"Engineering, Computing & Technology"
STEM,5,5,4,5,2,7,CRI,20,99,"Science, Mathematics & Research"
