Realistic_Score,Investigative_Score,Artistic_Score,Social_Score,Enterprising_Score,Conventional_Score,Course Cluster
2,3,6,3,2,3,"Communication, Media & Creative Arts"
6,4,3,6,4,6,"Engineering, Computing & Technology"
5,4,5,4,2,4,"Engineering, Computing & Technology"
3,3,3,5,3,6,"Law, Government, Security & Public Service"
7,7,7,7,6,7,Health & Allied Sciences
6,6,7,7,7,6,"Communication, Media & Creative Arts"
6,6,7,5,5,7,"Science, Mathematics & Research"
5,3,6,5,3,4,"Communication, Media & Creative Arts"
5,5,2,6,4,6,Health & Allied Sciences
4,5,4,5,5,4,"Education, Psychology & Human Services"
6,6,7,6,7,7,"Business, Finance & Management"
3,3,7,5,1,7,"Communication, Media & Creative Arts"
6,1,7,4,4,7,"Engineering, Computing & Technology"
4,1,1,3,1,2,"Engineering, Computing & Technology"
4,4,3,6,5,3,"Education, Psychology & Human Services"
4,2,6,7,3,3,"Communication, Media & Creative Arts"
4,1,4,4,4,5,"Business, Finance & Management"
4,1,1,7,3,6,"Law, Government, Security & Public Service"
5,4,5,5,5,2,"Communication, Media & Creative Arts"
6,6,4,6,5,5,"Agriculture, Environment & Natural Resources"
4,3,4,7,4,6,"Law, Government, Security & Public Service"
3,6,3,4,4,5,"Science, Mathematics & Research"
6,2,4,6,3,7,"Engineering, Computing & Technology"
5,5,5,5,4,6,"Science, Mathematics & Research"
4,4,2,6,2,5,Health & Allied Sciences
4,7,5,4,3,5,"Science, Mathematics & Research"
6,5,6,5,4,4,"Agriculture, Environment & Natural Resources"
7,2,5,6,4,4,"Engineering, Computing & Technology"
7,6,6,7,7,7,"Business, Finance & Management"
5,3,4,7,5,7,"Law, Government, Security & Public Service"
6,1,5,5,3,5,"Engineering, Computing & Technology"
5,4,5,7,6,7,"Law, Government, Security & Public Service"
6,7,7,7,7,7,"Education, Psychology & Human Services"
2,4,3,7,1,3,Health & Allied Sciences
4,7,3,7,5,3,"Education, Psychology & Human Services"
6,6,7,7,5,5,"Communication, Media & Creative Arts"
7,3,5,6,6,5,"Business, Finance & Management"
5,5,1,6,3,6,Health & Allied Sciences
6,7,7,7,6,6,Health & Allied Sciences
6,2,2,4,4,4,"Engineering, Computing & Technology"
4,4,3,4,6,6,"Business, Finance & Management"
6,2,6,5,6,3,"Communication, Media & Creative Arts"
7,6,6,5,6,5,"Engineering, Computing & Technology"
4,5,4,5,5,5,"Education, Psychology & Human Services"
5,5,2,4,3,5,"Engineering, Computing & Technology"
7,7,7,6,7,6,"Science, Mathematics & Research"
6,5,2,6,5,6,"Engineering, Computing & Technology"
6,3,7,4,6,7,"Communication, Media & Creative Arts"
7,5,6,7,7,6,"Business, Finance & Management"
4,3,3,5,4,5,"Law, Government, Security & Public Service"
6,7,6,7,7,4,"Education, Psychology & Human Services"
6,7,6,7,3,6,Health & Allied Sciences
5,3,4,4,7,7,"Business, Finance & Management"
4,6,6,5,2,5,Health & Allied Sciences
3,3,3,6,4,7,"Law, Government, Security & Public Service"
7,5,6,7,7,6,"Business, Finance & Management"
5,6,1,5,4,4,Health & Allied Sciences
5,4,3,7,6,3,"Education, Psychology & Human Services"
6,5,6,7,2,6,Health & Allied Sciences
5,5,3,7,3,5,Health & Allied Sciences
7,7,5,6,3,5,"Agriculture, Environment & Natural Resources"
6,4,6,4,6,2,"Communication, Media & Creative Arts"
4,3,3,5,2,5,"Engineering, Computing & Technology"
3,5,6,6,3,7,"Communication, Media & Creative Arts"
6,3,6,5,7,4,"Communication, Media & Creative Arts"
2,5,2,3,2,3,Health & Allied Sciences
6,5,5,4,4,5,"Engineering, Computing & Technology"
6,3,5,7,4,7,"Law, Government, Security & Public Service"
5,5,2,7,4,6,"Education, Psychology & Human Services"
5,7,4,5,3,5,Health & Allied Sciences
5,5,7,6,4,5,"Communication, Media & Creative Arts"
3,1,4,3,4,2,"Communication, Media & Creative Arts"
3,2,5,2,1,5,"Engineering, Computing & Technology"
5,4,4,6,5,6,"Law, Government, Security & Public Service"
2,7,1,6,3,3,Health & Allied Sciences
5,3,3,4,5,4,"Business, Finance & Management"
7,4,5,7,6,6,"Law, Government, Security & Public Service"
7,7,7,7,7,7,Health & Allied Sciences
6,4,5,5,4,7,"Engineering, Computing & Technology"
5,1,2,4,5,6,"Business, Finance & Management"
2,1,2,2,4,4,"Business, Finance & Management"
7,7,7,6,7,7,"Science, Mathematics & Research"
7,7,6,7,6,7,"Agriculture, Environment & Natural Resources"
6,6,7,5,7,7,"Business, Finance & Management"
4,4,7,5,5,7,"Communication, Media & Creative Arts"
5,5,7,6,5,7,"Communication, Media & Creative Arts"
2,3,1,1,0,1,"Science, Mathematics & Research"
6,7,7,7,7,7,"Education, Psychology & Human Services"
5,5,5,7,5,5,"Education, Psychology & Human Services"
7,6,4,7,7,3,"Education, Psychology & Human Services"
7,7,7,7,7,7,Health & Allied Sciences
4,3,3,6,2,3,"Education, Psychology & Human Services"
2,5,5,4,4,5,"Science, Mathematics & Research"
6,4,4,7,6,5,"Law, Government, Security & Public Service"
6,3,5,6,2,3,"Agriculture, Environment & Natural Resources"
1,0,2,4,4,4,"Law, Government, Security & Public Service"
7,6,5,7,6,7,"Engineering, Computing & Technology"
6,7,7,7,7,6,"Education, Psychology & Human Services"
7,6,4,7,7,6,"Education, Psychology & Human Services"
6,6,7,7,5,6,"Communication, Media & Creative Arts"
5,3,5,6,5,5,"Law, Government, Security & Public Service"
5,5,7,5,2,7,"Science, Mathematics & Research"
6,5,7,7,6,4,"Communication, Media & Creative Arts"
6,5,7,7,5,5,"Communication, Media & Creative Arts"
6,4,5,6,4,6,"Engineering, Computing & Technology"
7,7,7,7,7,7,Health & Allied Sciences
5,4,7,7,3,4,"Communication, Media & Creative Arts"
7,6,7,7,6,7,"Engineering, Computing & Technology"
5,6,2,5,5,6,"Science, Mathematics & Research"
5,6,7,4,7,5,"Communication, Media & Creative Arts"
5,4,7,7,7,7,"Communication, Media & Creative Arts"
7,7,7,5,4,5,"Science, Mathematics & Research"
5,4,6,7,6,6,"Law, Government, Security & Public Service"
6,4,5,3,1,5,"Engineering, Computing & Technology"
7,6,5,6,7,5,"Agriculture, Environment & Natural Resources"
5,4,5,6,2,3,"Education, Psychology & Human Services"
5,5,5,7,6,5,"Education, Psychology & Human Services"
6,3,1,6,5,6,"Law, Government, Security & Public Service"
5,4,5,6,5,2,"Education, Psychology & Human Services"
4,3,3,7,6,6,"Law, Government, Security & Public Service"
6,4,2,4,2,3,"Agriculture, Environment & Natural Resources"
7,5,6,5,7,7,"Engineering, Computing & Technology"
7,5,7,4,2,5,"Engineering, Computing & Technology"
5,3,4,7,7,7,"Law, Government, Security & Public Service"
6,6,6,6,5,7,"Science, Mathematics & Research"
5,5,5,6,3,4,Health & Allied Sciences
4,3,3,4,5,5,"Business, Finance & Management"
6,4,4,5,6,5,"Business, Finance & Management"
4,2,7,1,2,5,"Communication, Media & Creative Arts"
7,4,6,6,7,5,"Business, Finance & Management"
7,4,5,5,6,5,"Engineering, Computing & Technology"
6,2,7,5,6,6,"Communication, Media & Creative Arts"
3,0,4,4,3,4,"Communication, Media & Creative Arts"
5,5,2,5,2,4,"Agriculture, Environment & Natural Resources"
7,3,5,4,5,3,"Agriculture, Environment & Natural Resources"
4,4,5,2,4,5,"Science, Mathematics & Research"
6,1,5,4,1,4,"Engineering, Computing & Technology"
6,3,4,7,5,6,"Law, Government, Security & Public Service"
6,5,1,3,0,7,"Engineering, Computing & Technology"
7,2,4,5,7,6,"Business, Finance & Management"
5,2,3,7,5,7,"Law, Government, Security & Public Service"
3,2,7,5,5,4,"Communication, Media & Creative Arts"
4,1,0,6,3,1,"Education, Psychology & Human Services"
6,5,4,5,7,4,"Business, Finance & Management"
7,5,5,5,5,7,"Engineering, Computing & Technology"
3,5,4,5,2,5,Health & Allied Sciences
6,5,6,6,5,4,"Communication, Media & Creative Arts"
2,4,2,6,2,2,"Education, Psychology & Human Services"
4,1,1,5,2,5,"Law, Government, Security & Public Service"
7,4,4,7,5,7,"Engineering, Computing & Technology"
1,5,4,4,4,2,"Education, Psychology & Human Services"
6,5,6,4,5,2,"Communication, Media & Creative Arts"
4,2,6,4,1,3,"Communication, Media & Creative Arts"
4,7,4,6,5,6,Health & Allied Sciences
5,2,7,3,7,2,"Communication, Media & Creative Arts"
4,5,3,5,4,6,"Science, Mathematics & Research"
6,4,6,5,3,7,"Engineering, Computing & Technology"
6,2,3,5,3,7,"Engineering, Computing & Technology"
2,2,1,3,1,1,Health & Allied Sciences
2,2,7,4,1,6,"Communication, Media & Creative Arts"
6,4,5,7,5,7,"Law, Government, Security & Public Service"
2,3,7,3,3,5,"Communication, Media & Creative Arts"
6,4,7,3,6,6,"Communication, Media & Creative Arts"
6,2,3,6,7,5,"Business, Finance & Management"
6,5,4,6,5,5,"Agriculture, Environment & Natural Resources"
5,3,3,4,2,6,"Engineering, Computing & Technology"
5,4,3,5,4,2,"Agriculture, Environment & Natural Resources"
7,4,3,6,6,6,"Engineering, Computing & Technology"
4,4,7,4,0,2,"Communication, Media & Creative Arts"
5,2,2,5,3,4,"Engineering, Computing & Technology"
6,5,3,5,4,7,"Engineering, Computing & Technology"
3,5,3,7,7,7,"Law, Government, Security & Public Service"
5,6,5,4,4,4,"Science, Mathematics & Research"
3,6,1,1,0,5,"Science, Mathematics & Research"
5,3,1,5,4,6,"Engineering, Computing & Technology"
6,5,5,4,3,2,"Agriculture, Environment & Natural Resources"
6,6,5,3,6,4,"Science, Mathematics & Research"
7,6,7,7,7,7,"Business, Finance & Management"
2,1,1,2,3,2,"Business, Finance & Management"
5,2,4,2,4,3,"Engineering, Computing & Technology"
5,5,4,4,2,5,"Engineering, Computing & Technology"
3,5,3,1,4,3,"Science, Mathematics & Research"
2,4,7,7,6,4,"Communication, Media & Creative Arts"
4,3,5,2,2,4,"Engineering, Computing & Technology"
6,4,5,5,2,0,"Agriculture, Environment & Natural Resources"
7,7,6,4,4,4,"Science, Mathematics & Research"
5,2,4,6,4,4,"Law, Government, Security & Public Service"
7,4,4,5,4,6,"Engineering, Computing & Technology"
2,5,6,5,3,4,"Communication, Media & Creative Arts"
3,5,6,7,4,4,"Communication, Media & Creative Arts"
3,3,7,4,5,5,"Communication, Media & Creative Arts"
6,5,3,5,6,3,"Agriculture, Environment & Natural Resources"
2,0,4,0,2,4,"Communication, Media & Creative Arts"
2,3,5,5,7,6,"Business, Finance & Management"
5,7,3,5,4,6,"Science, Mathematics & Research"
5,3,5,6,6,7,"Business, Finance & Management"
6,4,5,4,5,4,"Engineering, Computing & Technology"
7,4,3,6,5,3,"Agriculture, Environment & Natural Resources"
6,6,7,6,5,7,"Science, Mathematics & Research"
4,2,2,5,3,5,"Law, Government, Security & Public Service"
4,3,5,4,3,5,"Communication, Media & Creative Arts"
7,5,7,7,7,5,"Communication, Media & Creative Arts"
5,2,2,4,3,4,"Engineering, Computing & Technology"
6,4,6,6,5,5,"Communication, Media & Creative Arts"
6,7,7,7,7,7,"Education, Psychology & Human Services"
4,5,3,6,5,6,"Law, Government, Security & Public Service"
6,4,5,6,5,5,"Law, Government, Security & Public Service"
4,5,5,6,3,5,Health & Allied Sciences
5,1,5,4,1,4,"Engineering, Computing & Technology"
4,5,3,2,4,5,"Science, Mathematics & Research"
5,4,6,5,3,3,"Communication, Media & Creative Arts"
6,4,6,6,6,6,"Business, Finance & Management"
7,7,7,5,7,5,"Science, Mathematics & Research"
4,2,4,5,2,4,"Communication, Media & Creative Arts"
6,5,5,4,4,3,"Agriculture, Environment & Natural Resources"
5,4,4,7,4,6,"Law, Government, Security & Public Service"
3,7,1,1,1,4,"Science, Mathematics & Research"
5,3,6,4,1,5,"Engineering, Computing & Technology"
6,7,7,6,4,5,Health & Allied Sciences
5,3,3,1,1,5,"Engineering, Computing & Technology"
5,2,4,4,5,4,"Business, Finance & Management"
7,6,7,5,7,4,"Communication, Media & Creative Arts"
7,4,3,7,5,5,"Law, Government, Security & Public Service"
4,5,3,4,3,5,"Science, Mathematics & Research"
7,3,4,5,4,4,"Engineering, Computing & Technology"
4,3,5,6,1,7,"Education, Psychology & Human Services"
6,4,6,6,6,4,"Communication, Media & Creative Arts"
5,7,6,5,3,6,"Science, Mathematics & Research"
6,7,5,6,4,6,Health & Allied Sciences
6,3,2,5,2,6,"Engineering, Computing & Technology"
7,7,6,7,7,7,"Agriculture, Environment & Natural Resources"
7,4,3,7,7,7,"Business, Finance & Management"
5,4,5,5,4,4,"Communication, Media & Creative Arts"
5,3,2,6,2,3,"Agriculture, Environment & Natural Resources"
4,3,1,5,6,7,"Business, Finance & Management"
5,3,5,3,2,6,"Engineering, Computing & Technology"
5,2,5,4,2,4,"Engineering, Computing & Technology"
7,7,7,7,7,7,Health & Allied Sciences
6,4,6,5,5,5,"Communication, Media & Creative Arts"
7,7,5,6,7,5,"Agriculture, Environment & Natural Resources"
6,3,5,7,5,4,"Law, Government, Security & Public Service"
6,2,4,7,5,3,"Law, Government, Security & Public Service"
7,4,3,5,3,3,"Agriculture, Environment & Natural Resources"
7,7,6,7,7,7,"Agriculture, Environment & Natural Resources"
4,5,3,6,4,2,"Education, Psychology & Human Services"
4,2,2,2,2,4,"Engineering, Computing & Technology"
5,5,4,5,2,7,"Science, Mathematics & Research"
